Topic,Count,Name,Representation
-1,1561,-1_ts_backend_the_src,"ts, backend, the, src, to, registry, yarnpkg, sha512, integrity, tgz"
0,803,0_embed_discord_interaction_self,"embed, discord, interaction, self, and, to, the, classname, if, 翻译为简体中文"
1,627,1_the_and_her_she,"the, and, her, she, to, of, in, it, you, is"
2,589,2_js_png_dataset_current,"js, png, dataset, current, completed, server, vds, client, time, progress"
3,537,3_frontend_src_tsx_backend,"frontend, src, tsx, backend, ts, components, app, project, npm, pending"
4,371,4_не_на_что_his,"не, на, что, his, его, он, но, она, he, это"
5,288,5_const_id_classname_error,"const, id, classname, error, string, res, await, if, return, data"
6,246,6_td_and_tr_of,"td, and, tr, of, style, the, regex, or, additional_settings, margin"
7,234,7_tsx_frontend_components_src,"tsx, frontend, components, src, sections, ts, backend, app, pending, page"
8,205,8_ts_error_cannot_string,"ts, error, cannot, string, find, backend, bebang, gt, sistem, type"
9,182,9_referensi_frontend_src_components,"referensi, frontend, src, components, tsx, teks, untuk, text, dengan, sections"
10,172,10_de_la_que_el,"de, la, que, el, con, un, una, en, se, es"
11,161,11_tsx_frontend_components_src,"tsx, frontend, components, src, sections, ts, backend, index, app, page"
12,151,12_18_py_55_01,"18, py, 55, 01, qcom, 03, llama_calc, completed, vram, context"
13,129,13_the_his_he_suggest,"the, his, he, suggest, suggestion, natural, of, no, words, next"
14,122,14_index_backend_ts_src,"index, backend, ts, src, planning, md, auth, repositories, hr, routes"
15,112,15_dealer_showing_can_split_player_value_player_hand,"dealer_showing, can_split, player_value, player_hand, can_double, decision, u2665, u2660, u2663, u2666"
16,109,16_components_tsx_frontend_sections,"components, tsx, frontend, sections, src, cards, komponen, app, page, layout"
17,107,17_pdfium_napi_pdf_we,"pdfium, napi, pdf, we, pub, u32, render, perform, dpi, rust"
18,102,18_cash_choose_would_out,"cash, choose, would, out, like, what, game, do, or, you"
19,98,19_seat_canvas_palette_eliminated,"seat, canvas, palette, eliminated, empty, red, rule, play, are, card"
20,91,20_string_bebang_sistem_informasi,"string, bebang, sistem, informasi, default, datetime, pending, updatedat, id, implementasi"
21,86,21_end_of_latest_turn___,"end_of_latest_turn, , , , , , , , , "
22,86,22_her_the_and_she,"her, the, and, she, scenario, of, sister, anon, guidelines, to"
23,86,23_toppriority_educational_comedy_genres,"toppriority, educational, comedy, genres, slice, life, scripts, story, of, animated"
24,83,24_ooc_say_you_resume,"ooc, say, you, resume, didn, roleplay, were, to, the, trash"
25,83,25_template_icons_install_that,"template, icons, install, that, files, not, only, imported, yarn, for"
26,78,26_described_far_summarize_conversation,"described, far, summarize, conversation, prompt, instructions, so, the, as, in"
27,77,27_end_of_latest_turn___,"end_of_latest_turn, , , , , , , , , "
28,76,28_thinking_continue_please_no,"thinking, continue, please, no, hbu, share, nothing, much, thoughts, your"
29,75,29_betting_decision_phase_balance,"betting, decision, phase, balance, state, what, game, your, is, 980"
30,70,30_never_overload_type_postgrestversion,"never, overload, type, postgrestversion, postgrestfilterbuilder, gave, planned, estimated, error, of"
31,67,31_template_icons_install_that,"template, icons, install, that, files, not, only, imported, yarn, for"
32,66,32_u2665_u2663_u2660_false,"u2665, u2663, u2660, false, dealer_showing, can_split, can_double, player_value, player_hand, u2666"
33,65,33_haley_and_roleplay_established,"haley, and, roleplay, established, narrative, experience, our, the, dialogue, adhering"
34,65,34_latest_turn_end_of,"latest, turn, end, of, , , , , , "
35,65,35_template_icons_install_that,"template, icons, install, that, not, files, only, imported, yarn, for"
36,64,36_toppriority_qos_blacked_betting,"toppriority, qos, blacked, betting, player, comedy, genres, decision, 1000, slice"
37,64,37_question_tool_completed_use,"question, tool, completed, use, the, telegram, websearch, attempt_completion, vds, you"
38,62,38_karakter_semasa_etc_injection,"karakter, semasa, etc, injection, perlakuan, jika, pakaian, penuh, prompt, bf"
39,59,39_latest_turn_end_of,"latest, turn, end, of, retreat, leads, one, his, road, general"
40,57,40_latest_turn_end_of,"latest, turn, end, of, , , , , , "
41,57,41_files_imported_yarn_edit,"files, imported, yarn, edit, that, install, template, need, can, the"
42,56,42_его_уилл_не_он,"его, уилл, не, он, words, anchor, на, был, word, ганнибала"
43,55,43_class_text_div_dark,"class, text, div, dark, flex, bg, span, border, slate, center"
44,53,44_patrick_he_and_his,"patrick, he, and, his, the, nero, ghost, him, of, simon"
45,52,45_target_language_confirm_ooc_through,"target_language, confirm, ooc, through, proceed, think, in, , , "
46,52,46_set_extreme_write_on,"set, extreme, write, on, gen, viktor, ruleset, meta, rami, ini"
47,51,47_latest_turn_end_of,"latest, turn, end, of, , , , , , "
48,51,48_latest_turn_end_of,"latest, turn, end, of, , , , , , "
